<AuditTrails xmlns:xsi="http://www.w3.org/2001/XMLSchema-instance" FormatVersion="2" UNICORNVersion="7.3.0.473"><AuditTrail><AuditTrailType>Evaluation</AuditTrailType><Created>2024-10-03T12:00:29.472</Created><CreatedBy>System</CreatedBy><CreatedUtcOffsetMinutes>540</CreatedUtcOffsetMinutes><AuditTrailEntries><AuditTrailEntry><LogTime>2024-10-03T12:00:29.473</LogTime><LogTimeUtcOffsetMinutes>540</LogTimeUtcOffsetMinutes><AuditTrailEntryType>Evaluation</AuditTrailEntryType><GroupName>EvaluationLoggingStarted</GroupName><Operator>System</Operator><LogEntry>Logging started. User: System. UNICORN 7.3.0.473.</LogEntry><HasDetails>false</HasDetails></AuditTrailEntry><AuditTrailEntry><LogTime>2024-10-07T10:55:43.517</LogTime><LogTimeUtcOffsetMinutes>540</LogTimeUtcOffsetMinutes><AuditTrailEntryType>Evaluation</AuditTrailEntryType><GroupName>Evaluation2LoggingStarted</GroupName><Operator>Default</Operator><LogEntry>Evaluation logging started. User: Default. UNICORN 7.3.0.473.</LogEntry><HasDetails>false</HasDetails></AuditTrailEntry><AuditTrailEntry><LogTime>2024-10-07T10:55:43.947</LogTime><LogTimeUtcOffsetMinutes>540</LogTimeUtcOffsetMinutes><AuditTrailEntryType>Evaluation</AuditTrailEntryType><Operator>Default</Operator><LogEntry>Peak Integration
    Chromatogram name: Chrom.1
    Source curve: UV 1_280
    Auto integrate result: On
    Window: 0.0 ml - 87.5 ml
    Baseline: Morphological
    Baseline parameter: 10
    Filters:
        Max number of peaks: 3
    Injection:
        Zero at injection: On
        Injection mark: 1
    Vt: 4.0 ml
    V0: Not used
    Vc: 4.7 ml
    Bed height: 10.0 cm
    Adjust peaks to fractions: On
    Resolution algorithm: Algorithm3
</LogEntry><HasDetails>false</HasDetails></AuditTrailEntry></AuditTrailEntries></AuditTrail></AuditTrails>