<Result xmlns:xsi="http://www.w3.org/2001/XMLSchema-instance" FormatVersion="5" UNICORNVersion="7.3.0.473"><ResultState>Evaluated</ResultState><SystemName>pure25 2536377</SystemName><SystemTypeName>NEXTAKTAchromatography</SystemTypeName><Name>apply-10_grad_10cv_flow-0.5 001</Name><BatchId>98e293db-d887-4c57-af9d-5002e621161d</BatchId><IsArchived>false</IsArchived><RunIndex>0</RunIndex><IsReadOnly>false</IsReadOnly><RunType>Method</RunType><ResultPurpose>0</ResultPurpose><FolderPath>/DefaultHome/Kinoshita/23KA047/241002_CaptoQ/ph9</FolderPath><ResultFormatVersion>3</ResultFormatVersion><ResultDocumentation><RunNote></RunNote><EvaluationNote></EvaluationNote></ResultDocumentation><ResultRunInformation RunInformationType="ColumnInformation"><RunInformation>PD94bWwgdmVyc2lvbj0iMS4wIiBlbmNvZGluZz0idXRmLTE2Ij8+PHVzZWRDb2x1bW5zIEZvcm1h
dFZlcnNpb249IjAuMSI+PGNvbHVtbj48bmFtZT5IaVNjcmVlbiBDYXB0byBRIEltcFJlczwvbmFt
ZT48dm9sdW1lPjQuNjU3PC92b2x1bWU+PHZvbHVtZVVuaXQ+bWw8L3ZvbHVtZVVuaXQ+PC9jb2x1
bW4+PC91c2VkQ29sdW1ucz4=</RunInformation></ResultRunInformation><ResultRunInformation RunInformationType="InstrumentServerUNICORNVersion"><RunInformation>Ny4zLjAuNDcz</RunInformation></ResultRunInformation><ResultRunInformation RunInformationType="RunStartDate"><RunInformation>MTAvMDMvMjAyNCAxMjowMDoyOSArMDk6MDA=</RunInformation></ResultRunInformation><ResultSearchCriterias><ResultSearchCriteria><Name>VariableValue</Name><Keyword1>Air sensor alarm on sample pump</Keyword1><Keyword2>Disabled</Keyword2></ResultSearchCriteria><ResultSearchCriteria><Name>VariableValue</Name><Keyword1>Column position</Keyword1><Keyword2>1</Keyword2><ExtraDisplayInformation></ExtraDisplayInformation></ResultSearchCriteria><ResultSearchCriteria><Name>VariableValue</Name><Keyword1>Column type</Keyword1><Keyword2>HiScreen Capto Q ImpRes</Keyword2></ResultSearchCriteria><ResultSearchCriteria><Name>VariableValue</Name><Keyword1>Column wash volume</Keyword1><Keyword2>3.00</Keyword2><ExtraDisplayInformation>{base}</ExtraDisplayInformation></ResultSearchCriteria><ResultSearchCriteria><Name>VariableValue</Name><Keyword1>Column wash volume_1</Keyword1><Keyword2>3.00</Keyword2><ExtraDisplayInformation>{base}</ExtraDisplayInformation></ResultSearchCriteria><ResultSearchCriteria><Name>VariableValue</Name><Keyword1>Empty loop with</Keyword1><Keyword2>10.00</Keyword2><ExtraDisplayInformation>{base}</ExtraDisplayInformation></ResultSearchCriteria><ResultSearchCriteria><Name>VariableValue</Name><Keyword1>Equilibration volume</Keyword1><Keyword2>2.00</Keyword2><ExtraDisplayInformation>{base}</ExtraDisplayInformation></ResultSearchCriteria><ResultSearchCriteria><Name>VariableValue</Name><Keyword1>Equilibration volume_1</Keyword1><Keyword2>3.00</Keyword2><ExtraDisplayInformation>{base}</ExtraDisplayInformation></ResultSearchCriteria><ResultSearchCriteria><Name>VariableValue</Name><Keyword1>Flow rate</Keyword1><Keyword2>0.500</Keyword2><ExtraDisplayInformation>ml/min</ExtraDisplayInformation></ResultSearchCriteria><ResultSearchCriteria><Name>VariableValue</Name><Keyword1>Flow rate (Equilibration)</Keyword1><Keyword2>1.000</Keyword2><ExtraDisplayInformation>ml/min</ExtraDisplayInformation></ResultSearchCriteria><ResultSearchCriteria><Name>VariableValue</Name><Keyword1>Flow rate (Equilibration)_1</Keyword1><Keyword2>1.000</Keyword2><ExtraDisplayInformation>ml/min</ExtraDisplayInformation></ResultSearchCriteria><ResultSearchCriteria><Name>VariableValue</Name><Keyword1>Flow restrictor</Keyword1><Keyword2>In-line</Keyword2></ResultSearchCriteria><ResultSearchCriteria><Name>VariableValue</Name><Keyword1>Frac start position (Column Wash)</Keyword1><Keyword2>Next tube</Keyword2><ExtraDisplayInformation></ExtraDisplayInformation></ResultSearchCriteria><ResultSearchCriteria><Name>VariableValue</Name><Keyword1>Frac start position (Column Wash)_1</Keyword1><Keyword2>Next tube</Keyword2><ExtraDisplayInformation></ExtraDisplayInformation></ResultSearchCriteria><ResultSearchCriteria><Name>VariableValue</Name><Keyword1>Frac start position (Elution)</Keyword1><Keyword2>Next tube</Keyword2><ExtraDisplayInformation></ExtraDisplayInformation></ResultSearchCriteria><ResultSearchCriteria><Name>VariableValue</Name><Keyword1>Frac start position (Sample Appl)</Keyword1><Keyword2>Next tube</Keyword2><ExtraDisplayInformation></ExtraDisplayInformation></ResultSearchCriteria><ResultSearchCriteria><Name>VariableValue</Name><Keyword1>Frac tube type (Column Wash)</Keyword1><Keyword2>96 deep well plate</Keyword2><ExtraDisplayInformation></ExtraDisplayInformation></ResultSearchCriteria><ResultSearchCriteria><Name>VariableValue</Name><Keyword1>Frac tube type (Column Wash)_1</Keyword1><Keyword2>96 deep well plate</Keyword2><ExtraDisplayInformation></ExtraDisplayInformation></ResultSearchCriteria><ResultSearchCriteria><Name>VariableValue</Name><Keyword1>Frac tube type (Elution)</Keyword1><Keyword2>96 deep well plate</Keyword2><ExtraDisplayInformation></ExtraDisplayInformation></ResultSearchCriteria><ResultSearchCriteria><Name>VariableValue</Name><Keyword1>Frac tube type (Sample Appl)</Keyword1><Keyword2>96 deep well plate</Keyword2><ExtraDisplayInformation></ExtraDisplayInformation></ResultSearchCriteria><ResultSearchCriteria><Name>VariableValue</Name><Keyword1>Frac volume (Column Wash)</Keyword1><Keyword2>2.00</Keyword2><ExtraDisplayInformation>ml</ExtraDisplayInformation></ResultSearchCriteria><ResultSearchCriteria><Name>VariableValue</Name><Keyword1>Frac volume (Column Wash)_1</Keyword1><Keyword2>2.00</Keyword2><ExtraDisplayInformation>ml</ExtraDisplayInformation></ResultSearchCriteria><ResultSearchCriteria><Name>VariableValue</Name><Keyword1>Frac volume (Elution)</Keyword1><Keyword2>2.00</Keyword2><ExtraDisplayInformation>ml</ExtraDisplayInformation></ResultSearchCriteria><ResultSearchCriteria><Name>VariableValue</Name><Keyword1>Frac volume (Sample Appl)</Keyword1><Keyword2>2.00</Keyword2><ExtraDisplayInformation>ml</ExtraDisplayInformation></ResultSearchCriteria><ResultSearchCriteria><Name>VariableValue</Name><Keyword1>Gradient delay volume</Keyword1><Keyword2>3.00</Keyword2><ExtraDisplayInformation>{base}</ExtraDisplayInformation></ResultSearchCriteria><ResultSearchCriteria><Name>VariableValue</Name><Keyword1>Gradient length (Elution)</Keyword1><Keyword2>10.00</Keyword2><ExtraDisplayInformation>base</ExtraDisplayInformation></ResultSearchCriteria><ResultSearchCriteria><Name>VariableValue</Name><Keyword1>Gradient target (Elution)</Keyword1><Keyword2>50.0</Keyword2><ExtraDisplayInformation>%B</ExtraDisplayInformation></ResultSearchCriteria><ResultSearchCriteria><Name>VariableValue</Name><Keyword1>Inlet A</Keyword1><Keyword2>A1</Keyword2><ExtraDisplayInformation></ExtraDisplayInformation></ResultSearchCriteria><ResultSearchCriteria><Name>VariableValue</Name><Keyword1>Inlet B</Keyword1><Keyword2>B1</Keyword2><ExtraDisplayInformation></ExtraDisplayInformation></ResultSearchCriteria><ResultSearchCriteria><Name>VariableValue</Name><Keyword1>Last tube filled action (Column Wash)</Keyword1><Keyword2>Pause</Keyword2><ExtraDisplayInformation></ExtraDisplayInformation></ResultSearchCriteria><ResultSearchCriteria><Name>VariableValue</Name><Keyword1>Last tube filled action (Column Wash)_1</Keyword1><Keyword2>Pause</Keyword2><ExtraDisplayInformation></ExtraDisplayInformation></ResultSearchCriteria><ResultSearchCriteria><Name>VariableValue</Name><Keyword1>Last tube filled action (Elution)</Keyword1><Keyword2>Pause</Keyword2><ExtraDisplayInformation></ExtraDisplayInformation></ResultSearchCriteria><ResultSearchCriteria><Name>VariableValue</Name><Keyword1>Last tube filled action (Sample Appl)</Keyword1><Keyword2>Pause</Keyword2><ExtraDisplayInformation></ExtraDisplayInformation></ResultSearchCriteria><ResultSearchCriteria><Name>VariableValue</Name><Keyword1>Percent B (Column Wash)</Keyword1><Keyword2>0.0</Keyword2><ExtraDisplayInformation>%B</ExtraDisplayInformation></ResultSearchCriteria><ResultSearchCriteria><Name>VariableValue</Name><Keyword1>Percent B (Column Wash)_1</Keyword1><Keyword2>100.0</Keyword2><ExtraDisplayInformation>%B</ExtraDisplayInformation></ResultSearchCriteria><ResultSearchCriteria><Name>VariableValue</Name><Keyword1>Percent B (Elution)</Keyword1><Keyword2>0.0</Keyword2><ExtraDisplayInformation>%B</ExtraDisplayInformation></ResultSearchCriteria><ResultSearchCriteria><Name>VariableValue</Name><Keyword1>Percent B (Equilibration)</Keyword1><Keyword2>0.0</Keyword2><ExtraDisplayInformation>%B</ExtraDisplayInformation></ResultSearchCriteria><ResultSearchCriteria><Name>VariableValue</Name><Keyword1>Percent B (Equilibration)_1</Keyword1><Keyword2>0.0</Keyword2><ExtraDisplayInformation>%B</ExtraDisplayInformation></ResultSearchCriteria><ResultSearchCriteria><Name>VariableValue</Name><Keyword1>Percent B (Sample Appl)</Keyword1><Keyword2>0.0</Keyword2><ExtraDisplayInformation>%B</ExtraDisplayInformation></ResultSearchCriteria><ResultSearchCriteria><Name>VariableValue</Name><Keyword1>pH cell</Keyword1><Keyword2>In-line</Keyword2></ResultSearchCriteria><ResultSearchCriteria><Name>VariableValue</Name><Keyword1>Pre column pressure limit</Keyword1><Keyword2>0.80</Keyword2><ExtraDisplayInformation>MPa</ExtraDisplayInformation></ResultSearchCriteria><ResultSearchCriteria><Name>VariableValue</Name><Keyword1>Pressure control</Keyword1><Keyword2>Pre column pressure</Keyword2><ExtraDisplayInformation></ExtraDisplayInformation></ResultSearchCriteria><ResultSearchCriteria><Name>VariableValue</Name><Keyword1>Sample_ID</Keyword1><Keyword2></Keyword2></ResultSearchCriteria><ResultSearchCriteria><Name>VariableValue</Name><Keyword1>Superloop pressure limit</Keyword1><Keyword2>4.00</Keyword2><ExtraDisplayInformation>MPa</ExtraDisplayInformation></ResultSearchCriteria><ResultSearchCriteria><Name>VariableValue</Name><Keyword1>UV averaging time</Keyword1><Keyword2>5.0</Keyword2><ExtraDisplayInformation>sec</ExtraDisplayInformation></ResultSearchCriteria><ResultSearchCriteria><Name>VariableValue</Name><Keyword1>UV1</Keyword1><Keyword2>280</Keyword2><ExtraDisplayInformation>nm</ExtraDisplayInformation></ResultSearchCriteria><ResultSearchCriteria><Name>VariableValue</Name><Keyword1>UV2</Keyword1><Keyword2>254</Keyword2><ExtraDisplayInformation>nm</ExtraDisplayInformation></ResultSearchCriteria><ResultSearchCriteria><Name>VariableValue</Name><Keyword1>UV3</Keyword1><Keyword2>Off</Keyword2><ExtraDisplayInformation>nm</ExtraDisplayInformation></ResultSearchCriteria></ResultSearchCriterias><Chromatograms><Chromatogram><ChromatogramFileName>Chrom.1</ChromatogramFileName><ChromatogramName>Chrom.1</ChromatogramName></Chromatogram></Chromatograms><IsArchivingAllowed>true</IsArchivingAllowed><IsLegacy>false</IsLegacy><CreatedBy>Default</CreatedBy><Created>2024-10-03T12:00:29.074</Created><CreatedUtcOffsetMinutes>540</CreatedUtcOffsetMinutes><LastModifiedBy>Default</LastModifiedBy><LastModified>2024-10-07T10:55:55.144</LastModified><LastModifiedUtcOffsetMinutes>540</LastModifiedUtcOffsetMinutes><ResultAuxiliary /></Result>